date	home_team	away_team	home_score	away_score	tournament	city	country	neutral
1872-11-30	Scotland	England	0	0	Friendly	Glasgow	Scotland	FALSE
1873-03-08	England	Scotland	4	2	Friendly	London	England	FALSE
1874-03-07	Scotland	England	2	1	Friendly	Glasgow	Scotland	FALSE
1875-03-06	England	Scotland	2	2	Friendly	London	England	FALSE
1876-03-04	Scotland	England	3	0	Friendly	Glasgow	Scotland	FALSE
1876-03-25	Scotland	Wales	4	0	Friendly	Glasgow	Scotland	FALSE
1877-03-03	England	Scotland	1	3	Friendly	London	England	FALSE
1877-03-05	Wales	Scotland	0	2	Friendly	Wrexham	Wales	FALSE
1878-03-02	Scotland	England	7	2	Friendly	Glasgow	Scotland	FALSE
1878-03-23	Scotland	Wales	9	0	Friendly	Glasgow	Scotland	FALSE
1879-01-18	England	Wales	2	1	Friendly	London	England	FALSE
1879-04-05	England	Scotland	5	4	Friendly	London	England	FALSE
1879-04-07	Wales	Scotland	0	3	Friendly	Wrexham	Wales	FALSE
1880-03-13	Scotland	England	5	4	Friendly	Glasgow	Scotland	FALSE
1880-03-15	Wales	England	2	3	Friendly	Wrexham	Wales	FALSE
1880-03-27	Scotland	Wales	5	1	Friendly	Glasgow	Scotland	FALSE
1881-02-26	England	Wales	0	1	Friendly	Blackburn	England	FALSE
1881-03-12	England	Scotland	1	6	Friendly	London	England	FALSE
1881-03-14	Wales	Scotland	1	5	Friendly	Wrexham	Wales	FALSE
1882-02-18	Northern Ireland	England	0	13	Friendly	Belfast	Republic of Ireland	FALSE
1882-02-25	Wales	Northern Ireland	7	1	Friendly	Wrexham	Wales	FALSE
1882-03-11	Scotland	England	5	1	Friendly	Glasgow	Scotland	FALSE
1882-03-13	Wales	England	5	3	Friendly	Wrexham	Wales	FALSE
1882-03-25	Scotland	Wales	5	0	Friendly	Glasgow	Scotland	FALSE
1883-02-03	England	Wales	5	0	Friendly	London	England	FALSE
1883-02-24	England	Northern Ireland	7	0	Friendly	Liverpool	England	FALSE
1883-03-10	England	Scotland	2	3	Friendly	Sheffield	England	FALSE
1883-03-12	Wales	Scotland	0	3	Friendly	Wrexham	Wales	FALSE
1883-03-17	Northern Ireland	Wales	1	1	Friendly	Belfast	Republic of Ireland	FALSE
1884-01-26	Northern Ireland	Scotland	0	5	British Championship	Belfast	Republic of Ireland	FALSE
1884-02-09	Wales	Northern Ireland	6	0	British Championship	Wrexham	Wales	FALSE
1884-02-23	Northern Ireland	England	1	8	British Championship	Belfast	Republic of Ireland	FALSE
1884-03-15	Scotland	England	1	0	British Championship	Glasgow	Scotland	FALSE
1884-03-17	Wales	England	0	4	British Championship	Wrexham	Wales	FALSE
1884-03-29	Scotland	Wales	4	1	British Championship	Glasgow	Scotland	FALSE
1885-02-28	England	Northern Ireland	4	0	British Championship	Manchester	England	FALSE
1885-03-14	England	Wales	1	1	British Championship	Blackburn	England	FALSE
1885-03-14	Scotland	Northern Ireland	8	2	British Championship	Glasgow	Scotland	FALSE
1885-03-21	England	Scotland	1	1	British Championship	London	England	FALSE
1885-03-23	Wales	Scotland	1	8	British Championship	Wrexham	Wales	FALSE
1885-04-11	Northern Ireland	Wales	2	8	British Championship	Belfast	Republic of Ireland	FALSE
1885-11-28	United States	Canada	0	1	Friendly	Newark	United States	FALSE
1886-02-27	Wales	Northern Ireland	5	0	British Championship	Wrexham	Wales	FALSE
1886-03-13	Northern Ireland	England	1	6	British Championship	Belfast	Republic of Ireland	FALSE
1886-03-20	Northern Ireland	Scotland	2	7	British Championship	Belfast	Republic of Ireland	FALSE
1886-03-27	Scotland	England	1	1	British Championship	Glasgow	Scotland	FALSE
1886-03-29	Wales	England	1	3	British Championship	Wrexham	Wales	FALSE
1886-04-10	Scotland	Wales	4	1	British Championship	Glasgow	Scotland	FALSE
1886-11-25	United States	Canada	3	2	Friendly	Newark	United States	FALSE
1887-02-05	England	Northern Ireland	7	0	British Championship	Sheffield	England	FALSE
1887-02-19	Scotland	Northern Ireland	4	1	British Championship	Glasgow	Scotland	FALSE
1887-02-26	England	Wales	4	0	British Championship	London	England	FALSE
1887-03-12	Northern Ireland	Wales	4	1	British Championship	Belfast	Republic of Ireland	FALSE
1887-03-19	England	Scotland	2	3	British Championship	Blackburn	England	FALSE
1887-03-21	Wales	Scotland	0	2	British Championship	Wrexham	Wales	FALSE
1888-02-04	England	Wales	5	1	British Championship	Crewe	England	FALSE
1888-03-03	Wales	Northern Ireland	11	0	British Championship	Wrexham	Wales	FALSE
1888-03-10	Scotland	Wales	5	1	British Championship	Edinburgh	Scotland	FALSE
1888-03-17	Scotland	England	0	5	British Championship	Glasgow	Scotland	FALSE
1888-03-24	Northern Ireland	Scotland	2	10	British Championship	Belfast	Republic of Ireland	FALSE
1888-04-07	Northern Ireland	England	1	5	British Championship	Belfast	Republic of Ireland	FALSE
1888-09-19	Scotland	Canada	4	0	Friendly	Glasgow	Scotland	FALSE
1889-02-23	England	Wales	4	1	British Championship	Stoke-on-Trent	England	FALSE
1889-03-02	England	Northern Ireland	6	1	British Championship	Liverpool	England	FALSE
1889-03-09	Scotland	Northern Ireland	7	0	British Championship	Glasgow	Scotland	FALSE
1889-04-13	England	Scotland	2	3	British Championship	London	England	FALSE
1889-04-15	Wales	Scotland	0	0	British Championship	Wrexham	Wales	FALSE
1889-04-27	Northern Ireland	Wales	1	3	British Championship	Belfast	Republic of Ireland	FALSE
1890-02-08	Wales	Northern Ireland	5	2	British Championship	Shrewsbury	England	TRUE
1890-03-15	Northern Ireland	England	1	9	British Championship	Belfast	Republic of Ireland	FALSE
1890-03-15	Wales	England	1	3	British Championship	Wrexham	Wales	FALSE
1890-03-22	Scotland	Wales	5	0	British Championship	Paisley	Scotland	FALSE
1890-03-29	Northern Ireland	Scotland	1	4	British Championship	Belfast	Republic of Ireland	FALSE
1890-04-05	Scotland	England	1	1	British Championship	Glasgow	Scotland	FALSE
1891-02-07	Northern Ireland	Wales	7	2	British Championship	Belfast	Republic of Ireland	FALSE
1891-03-07	England	Wales	4	1	British Championship	Sunderland	England	FALSE
1891-03-07	England	Northern Ireland	6	1	British Championship	Wolverhampton	England	FALSE
1891-03-21	Wales	Scotland	3	4	British Championship	Wrexham	Wales	FALSE
1891-03-28	Scotland	Northern Ireland	2	1	British Championship	Glasgow	Scotland	FALSE
1892-02-27	Wales	Northern Ireland	1	1	British Championship	Bangor	Wales	FALSE
1892-03-05	Northern Ireland	England	0	2	British Championship	Belfast	Republic of Ireland	FALSE
1892-03-05	Wales	England	0	2	British Championship	Wrexham	Wales	FALSE
1892-03-19	Northern Ireland	Scotland	2	3	British Championship	Belfast	Republic of Ireland	FALSE
1892-03-26	Scotland	Wales	6	1	British Championship	Edinburgh	Scotland	FALSE
1892-04-02	Scotland	England	1	4	British Championship	Glasgow	Scotland	FALSE
1893-02-25	England	Northern Ireland	6	1	British Championship	Birmingham	England	FALSE
1893-03-13	England	Wales	6	0	British Championship	Stoke-on-Trent	England	FALSE
1893-03-18	Wales	Scotland	0	8	British Championship	Wrexham	Wales	FALSE
1893-03-25	Scotland	Northern Ireland	6	1	British Championship	Glasgow	Scotland	FALSE
1893-04-01	England	Scotland	5	2	British Championship	Richmond	England	FALSE
1894-02-24	Wales	Northern Ireland	4	1	British Championship	Swansea	Wales	FALSE
1894-03-03	Northern Ireland	England	2	2	British Championship	Belfast	Republic of Ireland	FALSE
1894-03-12	Wales	England	1	5	British Championship	Wrexham	Wales	FALSE
1894-03-24	Scotland	Wales	5	2	British Championship	Kilmarnock	Scotland	FALSE
1894-03-31	Northern Ireland	Scotland	1	2	British Championship	Belfast	Republic of Ireland	FALSE
1894-04-07	Scotland	England	2	2	British Championship	Glasgow	Scotland	FALSE
1895-03-09	England	Northern Ireland	9	0	British Championship	Derby	England	FALSE
1895-03-16	Northern Ireland	Wales	2	2	British Championship	Belfast	Republic of Ireland	FALSE
1895-03-18	England	Wales	1	1	British Championship	London	England	FALSE
1895-03-23	Wales	Scotland	2	2	British Championship	Wrexham	Wales	FALSE
1895-03-30	Scotland	Northern Ireland	3	1	British Championship	Glasgow	Scotland	FALSE
1895-04-06	England	Scotland	3	0	British Championship	Liverpool	England	FALSE
1896-02-29	Wales	Northern Ireland	6	1	British Championship	Wrexham	Wales	FALSE
1896-03-07	Northern Ireland	England	0	2	British Championship	Belfast	Republic of Ireland	FALSE
1896-03-16	Wales	England	1	9	British Championship	Cardiff	Wales	FALSE
1896-03-21	Scotland	Wales	4	0	British Championship	Dundee	Scotland	FALSE
1896-03-28	Northern Ireland	Scotland	3	3	British Championship	Belfast	Republic of Ireland	FALSE
1896-04-04	Scotland	England	2	1	British Championship	Glasgow	Scotland	FALSE
1897-02-20	England	Northern Ireland	6	0	British Championship	Nottingham	England	FALSE
1897-03-06	Northern Ireland	Wales	4	3	British Championship	Belfast	Republic of Ireland	FALSE
1897-03-20	Wales	Scotland	2	2	British Championship	Wrexham	Wales	FALSE
1897-03-27	Scotland	Northern Ireland	5	1	British Championship	Glasgow	Scotland	FALSE
1897-03-29	England	Wales	4	0	British Championship	Sheffield	England	FALSE
1897-04-03	England	Scotland	1	2	British Championship	London	England	FALSE
1898-02-19	Wales	Northern Ireland	0	1	British Championship	Llandudno	Wales	FALSE
1898-03-05	Northern Ireland	England	2	3	British Championship	Belfast	Republic of Ireland	FALSE
1898-03-19	Scotland	Wales	5	2	British Championship	Motherwell	Scotland	FALSE
1898-03-26	Northern Ireland	Scotland	0	3	British Championship	Belfast	Republic of Ireland	FALSE
1898-03-28	Wales	England	0	3	British Championship	Wrexham	Wales	FALSE
1898-04-02	Scotland	England	1	3	British Championship	Glasgow	Scotland	FALSE
1899-02-18	England	Northern Ireland	13	2	British Championship	Sunderland	England	FALSE
1899-03-04	Northern Ireland	Wales	1	0	British Championship	Belfast	Republic of Ireland	FALSE
1899-03-18	Wales	Scotland	0	6	British Championship	Wrexham	Wales	FALSE
1899-03-20	England	Wales	4	0	British Championship	Bristol	England	FALSE
1899-03-25	Scotland	Northern Ireland	9	1	British Championship	Glasgow	Scotland	FALSE
1899-04-08	England	Scotland	2	1	British Championship	Birmingham	England	FALSE
1900-02-03	Scotland	Wales	5	2	British Championship	Aberdeen	Scotland	FALSE
1900-02-24	Wales	Northern Ireland	2	0	British Championship	Llandudno	Wales	FALSE
1900-03-03	Northern Ireland	Scotland	0	3	British Championship	Belfast	Republic of Ireland	FALSE
1900-03-17	Northern Ireland	England	0	2	British Championship	Dublin	Republic of Ireland	FALSE
1900-03-26	Wales	England	1	1	British Championship	Cardiff	Wales	FALSE
1900-04-07	Scotland	England	4	1	British Championship	Glasgow	Scotland	FALSE
1901-02-23	Scotland	Northern Ireland	11	0	British Championship	Glasgow	Scotland	FALSE
1901-03-02	Wales	Scotland	1	1	British Championship	Wrexham	Wales	FALSE
1901-03-09	England	Northern Ireland	3	0	British Championship	Southampton	England	FALSE
1901-03-18	England	Wales	6	0	British Championship	Newcastle	England	FALSE
1901-03-23	Northern Ireland	Wales	0	1	British Championship	Belfast	Republic of Ireland	FALSE
1901-03-30	England	Scotland	2	2	British Championship	London	England	FALSE
1902-02-22	Wales	Northern Ireland	0	3	British Championship	Cardiff	Wales	FALSE
1902-03-01	Northern Ireland	Scotland	1	5	British Championship	Belfast	Republic of Ireland	FALSE
1902-03-03	Wales	England	0	0	British Championship	Wrexham	Wales	FALSE
1902-03-15	Scotland	Wales	5	1	British Championship	Greenock	Scotland	FALSE
1902-03-22	Northern Ireland	England	0	1	British Championship	Belfast	Republic of Ireland	FALSE
1902-05-03	England	Scotland	2	2	British Championship	Birmingham	England	FALSE
1902-07-20	Uruguay	Argentina	0	6	Friendly	Montevideo	Uruguay	FALSE
1902-10-12	Austria	Hungary	5	0	Friendly	Vienna	Austria	FALSE
1903-03-02	England	Wales	2	1	British Championship	Portsmouth	England	FALSE
1903-03-09	Wales	Scotland	0	1	British Championship	Cardiff	Wales	FALSE
1903-03-21	Scotland	Northern Ireland	0	2	British Championship	Glasgow	Scotland	FALSE
1903-03-28	Northern Ireland	Wales	2	0	British Championship	Belfast	Republic of Ireland	FALSE
1903-04-04	England	Scotland	1	2	British Championship	Sheffield	England	FALSE
1903-04-05	Hungary	Czechoslovakia	2	1	Friendly	Budapest	Hungary	FALSE
1903-09-13	Argentina	Uruguay	2	3	Friendly	Buenos Aires	Argentina	FALSE
1903-10-11	Austria	Hungary	4	2	Friendly	Vienna	Austria	FALSE
1904-02-29	Wales	England	2	2	British Championship	Wrexham	Wales	FALSE
1904-03-12	Northern Ireland	England	1	3	British Championship	Belfast	Republic of Ireland	FALSE
1904-03-12	Scotland	Wales	1	1	British Championship	Dundee	Scotland	FALSE
1904-03-21	Wales	Northern Ireland	0	1	British Championship	Bangor	Wales	FALSE
1904-03-26	Northern Ireland	Scotland	1	1	British Championship	Dublin	Republic of Ireland	FALSE
1904-04-09	Scotland	England	0	1	British Championship	Glasgow	Scotland	FALSE
1904-05-01	Belgium	France	3	3	Friendly	Brussels	Belgium	FALSE
1904-06-02	Hungary	Austria	3	0	Friendly	Budapest	Hungary	FALSE
1905-02-12	France	Switzerland	1	0	Friendly	Paris	France	FALSE
1905-02-25	England	Northern Ireland	1	1	British Championship	Middlesbrough	England	FALSE
1905-03-06	Wales	Scotland	3	1	British Championship	Wrexham	Wales	FALSE
1905-03-18	Scotland	Northern Ireland	4	0	British Championship	Glasgow	Scotland	FALSE
1905-03-27	England	Wales	3	1	British Championship	Liverpool	England	FALSE
1905-04-01	England	Scotland	1	0	British Championship	London	England	FALSE
1905-04-08	Northern Ireland	Wales	2	2	British Championship	Belfast	Republic of Ireland	FALSE
1905-04-09	Hungary	Austria	0	0	Friendly	Budapest	Hungary	FALSE
1905-04-30	Belgium	Netherlands	1	4	Friendly	Antwerp	Belgium	FALSE
1905-05-07	Belgium	France	7	0	Friendly	Brussels	Belgium	FALSE
1905-05-14	Netherlands	Belgium	4	0	Friendly	Rotterdam	Netherlands	FALSE
1905-08-15	Argentina	Uruguay	0	0	Copa Lipton	Buenos Aires	Argentina	FALSE
1906-02-17	Northern Ireland	England	0	5	British Championship	Belfast	Republic of Ireland	FALSE
1906-03-03	Scotland	Wales	0	2	British Championship	Edinburgh	Scotland	FALSE
1906-03-17	Northern Ireland	Scotland	0	1	British Championship	Dublin	Republic of Ireland	FALSE
1906-03-19	Wales	England	0	1	British Championship	Cardiff	Wales	FALSE
1906-04-01	Hungary	Czechoslovakia	1	1	Friendly	Budapest	Hungary	FALSE
1906-04-02	Wales	Northern Ireland	4	4	British Championship	Wrexham	Wales	FALSE
1906-04-07	Scotland	England	2	1	British Championship	Glasgow	Scotland	FALSE
1906-04-22	France	Belgium	0	5	Friendly	Saint-Cloud	France	FALSE
1906-04-29	Belgium	Netherlands	5	0	Friendly	Antwerp	Belgium	FALSE
1906-05-13	Netherlands	Belgium	2	3	Friendly	Rotterdam	Netherlands	FALSE
1906-08-15	Uruguay	Argentina	0	2	Copa Lipton	Montevideo	Uruguay	FALSE
1906-10-07	Czechoslovakia	Hungary	4	4	Friendly	Prague	Bohemia	FALSE
1906-10-21	Argentina	Uruguay	2	1	Copa Newton	Buenos Aires	Argentina	FALSE
1906-11-04	Hungary	Austria	3	1	Friendly	Budapest	Hungary	FALSE
1907-02-16	England	Northern Ireland	1	0	British Championship	Liverpool	England	FALSE
1907-02-23	Northern Ireland	Wales	2	3	British Championship	Belfast	Republic of Ireland	FALSE
1907-03-04	Wales	Scotland	1	0	British Championship	Wrexham	Wales	FALSE
1907-03-16	Scotland	Northern Ireland	3	0	British Championship	Glasgow	Scotland	FALSE
1907-03-18	England	Wales	1	1	British Championship	London	England	FALSE
1907-04-06	England	Scotland	1	1	British Championship	Newcastle	England	FALSE
1907-04-07	Hungary	Czechoslovakia	5	2	Friendly	Budapest	Hungary	FALSE
1907-04-14	Belgium	Netherlands	1	3	Friendly	Antwerp	Belgium	FALSE
1907-04-21	Belgium	France	1	2	Friendly	Brussels	Belgium	FALSE
1907-05-05	Austria	Hungary	3	1	Friendly	Vienna	Austria	FALSE
1907-05-09	Netherlands	Belgium	1	2	Friendly	Haarlem	Netherlands	FALSE
1907-10-06	Czechoslovakia	Hungary	5	3	Friendly	Prague	Bohemia	FALSE
1907-11-03	Hungary	Austria	4	1	Friendly	Budapest	Hungary	FALSE
1908-02-15	Northern Ireland	England	1	3	British Championship	Belfast	Republic of Ireland	FALSE
1908-03-07	Scotland	Wales	2	1	British Championship	Dundee	Scotland	FALSE
1908-03-08	Switzerland	France	1	2	Friendly	Geneva	Switzerland	FALSE
1908-03-14	Northern Ireland	Scotland	0	5	British Championship	Dublin	Republic of Ireland	FALSE
1908-03-16	Wales	England	1	7	British Championship	Wrexham	Wales	FALSE
1908-03-29	Belgium	Netherlands	1	4	Friendly	Antwerp	Belgium	FALSE
1908-04-04	Scotland	England	1	1	British Championship	Glasgow	Scotland	FALSE
1908-04-05	Hungary	Czechoslovakia	5	2	Friendly	Budapest	Hungary	FALSE
1908-04-05	Switzerland	Germany	5	3	Friendly	Basel	Switzerland	FALSE
1908-04-11	Wales	Northern Ireland	0	1	British Championship	Aberdare	Wales	FALSE
1908-04-12	France	Belgium	1	2	Friendly	Colombes	France	FALSE
1908-04-26	Netherlands	Belgium	3	1	Friendly	Rotterdam	Netherlands	FALSE
1908-05-03	Austria	Hungary	4	0	Friendly	Vienna	Austria	FALSE
1908-05-10	Netherlands	France	4	1	Friendly	Rotterdam	Netherlands	FALSE
1908-06-06	Austria	England	1	6	Friendly	Vienna	Austria	FALSE
1908-06-07	Austria	Germany	3	2	Friendly	Vienna	Austria	FALSE
1908-06-08	Austria	England	1	11	Friendly	Vienna	Austria	FALSE
1908-06-10	Hungary	England	0	7	Friendly	Budapest	Hungary	FALSE
1908-06-13	Czechoslovakia	England	0	4	Friendly	Prague	Bohemia	FALSE
1908-07-12	Sweden	Norway	11	3	Friendly	Gothenburg	Sweden	FALSE
1908-08-15	Uruguay	Argentina	2	2	Copa Lipton	Montevideo	Uruguay	FALSE
1908-09-13	Argentina	Uruguay	2	1	Copa Newton	Buenos Aires	Argentina	FALSE
1908-10-04	Argentina	Uruguay	0	1	Copa Premio Honor Argentino	Buenos Aires	Argentina	FALSE
1908-10-25	Netherlands	Sweden	5	3	Friendly	The Hague	Netherlands	FALSE
1908-10-26	Belgium	Sweden	2	1	Friendly	Brussels	Belgium	FALSE
1908-11-01	Hungary	Austria	5	3	Friendly	Budapest	Hungary	FALSE
1909-02-13	England	Northern Ireland	4	0	British Championship	Bradford	England	FALSE
1909-03-01	Wales	Scotland	3	2	British Championship	Wrexham	Wales	FALSE
1909-03-15	England	Wales	2	0	British Championship	Nottingham	England	FALSE
1909-03-15	Scotland	Northern Ireland	5	0	British Championship	Glasgow	Scotland	FALSE
1909-03-20	Northern Ireland	Wales	2	3	British Championship	Belfast	Republic of Ireland	FALSE
1909-03-21	Belgium	Netherlands	1	4	Friendly	Antwerp	Belgium	FALSE
1909-04-03	England	Scotland	2	0	British Championship	London	England	FALSE
1909-04-04	Germany	Switzerland	1	0	Friendly	Karlsruhe	Germany	FALSE
1909-04-04	Hungary	Germany	3	3	Friendly	Budapest	Hungary	FALSE
1909-04-25	Netherlands	Belgium	4	1	Friendly	Rotterdam	Netherlands	FALSE
1909-05-02	Austria	Hungary	3	4	Friendly	Vienna	Austria	FALSE
1909-05-09	Belgium	France	5	2	Friendly	Brussels	Belgium	FALSE
1909-05-29	Hungary	England	2	4	Friendly	Budapest	Hungary	FALSE
1909-05-30	Hungary	Austria	1	1	Friendly	Budapest	Hungary	FALSE
1909-05-31	Hungary	England	2	8	Friendly	Budapest	Hungary	FALSE
1909-06-01	Austria	England	1	8	Friendly	Vienna	Austria	FALSE
1909-08-15	Argentina	Uruguay	2	1	Copa Lipton	Buenos Aires	Argentina	FALSE
1909-09-19	Uruguay	Argentina	2	2	Copa Newton	Montevideo	Uruguay	FALSE
1909-10-10	Argentina	Uruguay	3	1	Copa Premio Honor Argentino	Buenos Aires	Argentina	FALSE
1910-02-12	Northern Ireland	England	1	1	British Championship	Belfast	Republic of Ireland	FALSE
1910-03-05	Scotland	Wales	1	0	British Championship	Kilmarnock	Scotland	FALSE
1910-03-13	Belgium	Netherlands	3	2	Friendly	Antwerp	Belgium	FALSE
1910-03-14	Wales	England	0	1	British Championship	Cardiff	Wales	FALSE
1910-03-19	Northern Ireland	Scotland	1	0	British Championship	Belfast	Republic of Ireland	FALSE
1910-04-02	Scotland	England	2	0	British Championship	Glasgow	Scotland	FALSE
1910-04-03	France	Belgium	0	4	Friendly	Gentilly	France	FALSE
1910-04-03	Switzerland	Germany	2	3	Friendly	Basel	Switzerland	FALSE
1910-04-10	Netherlands	Belgium	7	0	Friendly	Haarlem	Netherlands	FALSE
1910-04-11	Wales	Northern Ireland	4	1	British Championship	Wrexham	Wales	FALSE
1910-04-24	Netherlands	Germany	4	2	Friendly	Arnhem	Netherlands	FALSE
1910-05-01	Austria	Hungary	2	1	Friendly	Vienna	Austria	FALSE
1910-05-15	Italy	France	6	2	Friendly	Milan	Italy	FALSE
1910-05-16	Germany	Belgium	0	3	Friendly	Duisburg	Germany	FALSE
1910-05-26	Hungary	Italy	6	1	Friendly	Budapest	Hungary	FALSE
1910-05-27	Argentina	Chile	3	1	Friendly	Buenos Aires	Argentina	FALSE
1910-05-29	Chile	Uruguay	0	3	Friendly	Buenos Aires	Argentina	TRUE
1910-06-05	Argentina	Chile	5	1	Friendly	Buenos Aires	Argentina	FALSE
1910-06-12	Argentina	Uruguay	4	1	Friendly	Buenos Aires	Argentina	FALSE
1910-08-15	Uruguay	Argentina	3	1	Copa Lipton	Montevideo	Uruguay	FALSE
1910-09-11	Chile	Argentina	0	3	Friendly	Viña del Mar	Chile	FALSE
1910-09-11	Norway	Sweden	0	4	Friendly	Kristiania	Norway	FALSE
1910-10-16	Germany	Netherlands	1	2	Friendly	Kleve	Germany	FALSE
1910-11-06	Hungary	Austria	3	0	Friendly	Budapest	Hungary	FALSE
1910-11-13	Argentina	Uruguay	1	1	Copa Premio Honor Argentino	Buenos Aires	Argentina	FALSE
1910-11-27	Argentina	Uruguay	2	6	Copa Premio Honor Argentino	Buenos Aires	Argentina	FALSE
1911-01-01	France	Hungary	0	3	Friendly	Maisons-Alfort	France	FALSE
1911-01-06	Italy	Hungary	0	1	Friendly	Milan	Italy	FALSE
1911-01-08	Switzerland	Hungary	2	0	Friendly	Zürich	Switzerland	FALSE
1911-01-28	Northern Ireland	Wales	1	2	British Championship	Belfast	Republic of Ireland	FALSE
1911-02-11	England	Northern Ireland	2	1	British Championship	Derby	England	FALSE
1911-03-06	Wales	Scotland	2	2	British Championship	Cardiff	Wales	FALSE
1911-03-13	England	Wales	3	0	British Championship	London	England	FALSE
1911-03-18	Scotland	Northern Ireland	2	0	British Championship	Glasgow	Scotland	FALSE
1911-03-19	Belgium	Netherlands	1	5	Friendly	Antwerp	Belgium	FALSE
1911-03-26	Germany	Switzerland	6	2	Friendly	Stuttgart	Germany	FALSE
1911-04-01	England	Scotland	1	1	British Championship	Liverpool	England	FALSE
1911-04-02	Netherlands	Belgium	3	1	Friendly	Dordrecht	Netherlands	FALSE
1911-04-09	France	Italy	2	2	Friendly	Saint-Ouen	France	FALSE
1911-04-23	Belgium	Germany	2	1	Friendly	Liège	Belgium	FALSE
1911-04-23	Switzerland	France	5	2	Friendly	Geneva	Switzerland	FALSE
1911-04-30	Belgium	France	7	1	Friendly	Uccle	Belgium	FALSE
1911-05-07	Austria	Hungary	3	1	Friendly	Vienna	Austria	FALSE
1911-05-07	Italy	Switzerland	2	2	Friendly	Milan	Italy	FALSE
1911-05-21	Switzerland	Italy	3	0	Friendly	La Chaux-de-Fonds	Switzerland	FALSE
1911-06-18	Sweden	Germany	2	4	Friendly	Solna	Sweden	FALSE
1911-08-15	Argentina	Uruguay	0	2	Copa Lipton	Buenos Aires	Argentina	FALSE
1911-09-17	Sweden	Norway	4	1	Friendly	Solna	Sweden	FALSE
1911-09-17	Uruguay	Argentina	2	3	Copa Newton	Montevideo	Uruguay	FALSE
1911-10-08	Uruguay	Argentina	1	1	Copa Premio Honor Uruguayo	Montevideo	Uruguay	FALSE
1911-10-09	Germany	Austria	1	2	Friendly	Dresden	Germany	FALSE
1911-10-22	Argentina	Uruguay	2	0	Copa Premio Honor Argentino	Buenos Aires	Argentina	FALSE
1911-10-22	Finland	Sweden	2	5	Friendly	Helsinki	Finland	FALSE
1911-10-29	Germany	Sweden	1	3	Friendly	Hamburg	Germany	FALSE
1911-10-29	Hungary	Switzerland	9	0	Friendly	Budapest	Hungary	FALSE
1911-10-29	Luxembourg	France	1	4	Friendly	Luxembourg	Luxembourg	FALSE
1911-10-29	Uruguay	Argentina	3	0	Copa Premio Honor Uruguayo	Montevideo	Uruguay	FALSE
1911-11-05	Hungary	Austria	2	0	Friendly	Budapest	Hungary	FALSE
1911-12-17	Germany	Hungary	1	4	Friendly	Munich	Germany	FALSE
1912-01-28	France	Belgium	1	1	Friendly	Saint-Ouen	France	FALSE
1912-02-10	Northern Ireland	England	1	6	British Championship	Dublin	Republic of Ireland	FALSE
1912-02-10	France	Catalonia	7	0	Friendly	Paris	France	FALSE
1912-02-18	France	Switzerland	4	1	Friendly	Saint-Ouen	France	FALSE
1912-02-20	Belgium	Switzerland	9	2	Friendly	Antwerp	Belgium	FALSE
1912-03-02	Scotland	Wales	1	0	British Championship	Edinburgh	Scotland	FALSE
1912-03-10	Belgium	Netherlands	1	2	Friendly	Antwerp	Belgium	FALSE
1912-03-11	Wales	England	0	2	British Championship	Wrexham	Wales	FALSE
1912-03-16	Northern Ireland	Scotland	1	4	British Championship	Belfast	Republic of Ireland	FALSE
1912-03-17	Italy	France	3	4	Friendly	Turin	Italy	FALSE
1912-03-23	Scotland	England	1	1	British Championship	Glasgow	Scotland	FALSE
1912-03-24	Netherlands	Germany	5	5	Friendly	Zwolle	Netherlands	FALSE
1912-04-13	Wales	Northern Ireland	2	3	British Championship	Cardiff	Wales	FALSE
1912-04-14	Hungary	Germany	4	4	Friendly	Budapest	Hungary	FALSE
1912-04-28	Netherlands	Belgium	4	3	Friendly	Dordrecht	Netherlands	FALSE
1912-05-05	Austria	Hungary	1	1	Friendly	Vienna	Austria	FALSE
1912-05-05	Switzerland	Germany	1	2	Friendly	St. Gallen	Switzerland	FALSE
1912-06-16	Norway	Sweden	1	2	Friendly	Kristiania	Norway	FALSE
1912-06-20	Sweden	Hungary	2	2	Friendly	Gothenburg	Sweden	FALSE
1912-06-23	Norway	Hungary	0	6	Friendly	Kristiania	Norway	FALSE
1912-06-27	Sweden	Finland	7	1	Friendly	Solna	Sweden	FALSE
1912-07-03	Norway	Russia	2	1	Friendly	Stockholm	Sweden	TRUE
1912-07-12	Russia	Hungary	0	9	Friendly	Moscow	Russia	FALSE
1912-07-14	Russia	Hungary	0	12	Friendly	Moscow	Russia	FALSE
1912-08-15	Uruguay	Argentina	2	0	Copa Lipton	Montevideo	Uruguay	FALSE
1912-08-25	Uruguay	Argentina	3	0	Copa Premio Honor Uruguayo	Montevideo	Uruguay	FALSE
1912-09-22	Argentina	Uruguay	0	1	Copa Premio Honor Argentino	Buenos Aires	Argentina	FALSE
1912-10-06	Argentina	Uruguay	3	3	Copa Newton	Avellaneda	Argentina	FALSE
1912-10-06	Denmark	Germany	3	1	Friendly	Copenhagen	Denmark	FALSE
1912-11-03	Hungary	Austria	4	0	Friendly	Budapest	Hungary	FALSE
1912-11-03	Sweden	Norway	4	2	Friendly	Gothenburg	Sweden	FALSE
1912-11-17	Germany	Netherlands	2	3	Friendly	Leipzig	Germany	FALSE
1912-12-01	Uruguay	Argentina	1	3	Friendly	Montevideo	Uruguay	FALSE
1912-12-01	Catalonia	France	1	0	Friendly	Barcelona	Spain	FALSE
1912-12-22	Italy	Austria	1	3	Friendly	Genoa	Italy	FALSE
1913-01-12	France	Italy	1	0	Friendly	Saint-Ouen	France	FALSE
1913-01-18	Northern Ireland	Wales	0	1	British Championship	Belfast	Republic of Ireland	FALSE
1913-02-15	Northern Ireland	England	2	1	British Championship	Belfast	Republic of Ireland	FALSE
1913-02-16	Belgium	France	3	0	Friendly	Brussels	Belgium	FALSE
1913-03-03	Wales	Scotland	0	0	British Championship	Wrexham	Wales	FALSE
1913-03-09	Belgium	Netherlands	3	3	Friendly	Antwerp	Belgium	FALSE
1913-03-09	Switzerland	France	1	4	Friendly	Geneva	Switzerland	FALSE
1913-03-15	Northern Ireland	Scotland	1	2	British Championship	Dublin	Republic of Ireland	FALSE
1913-03-17	England	Wales	4	3	British Championship	Bristol	England	FALSE
1913-04-05	England	Scotland	1	0	British Championship	London	England	FALSE
1913-04-20	France	Luxembourg	8	0	Friendly	Saint-Ouen	France	FALSE
1913-04-20	Netherlands	Belgium	2	4	Friendly	Zwolle	Netherlands	FALSE
1913-04-27	Austria	Hungary	1	4	Friendly	Vienna	Austria	FALSE
1913-05-01	Italy	Belgium	1	0	Friendly	Turin	Italy	FALSE
1913-05-04	Russia	Sweden	1	4	Friendly	Moscow	Russia	FALSE
1913-05-04	Switzerland	Belgium	1	2	Friendly	Basel	Switzerland	FALSE
1913-05-18	Germany	Switzerland	1	2	Friendly	Freiburg	Germany	FALSE
1913-05-18	Hungary	Sweden	2	0	Friendly	Budapest	Hungary	FALSE
1913-05-25	Denmark	Sweden	8	0	Friendly	Copenhagen	Denmark	FALSE
1913-06-08	Sweden	Norway	9	0	Friendly	Stockholm	Sweden	FALSE
1913-06-15	Argentina	Uruguay	1	1	Friendly	Avellaneda	Argentina	FALSE
1913-06-15	Austria	Italy	2	0	Friendly	Vienna	Austria	FALSE
1913-07-09	Argentina	Uruguay	2	1	Friendly	Avellaneda	Argentina	FALSE
1913-08-15	Argentina	Uruguay	4	0	Copa Lipton	Avellaneda	Argentina	FALSE
1913-08-31	Argentina	Uruguay	2	0	Copa Premio Honor Argentino	Buenos Aires	Argentina	FALSE
1913-09-14	Russia	Norway	1	1	Friendly	Moscow	Russia	FALSE
1913-09-21	Chile	Argentina	0	2	Friendly	Viña del Mar	Chile	FALSE
1913-10-05	Sweden	Denmark	0	10	Friendly	Stockholm	Sweden	FALSE
1913-10-05	Uruguay	Argentina	1	0	Copa Premio Honor Uruguayo	Montevideo	Uruguay	FALSE
1913-10-26	Germany	Denmark	1	4	Friendly	Hamburg	Germany	FALSE
1913-10-26	Hungary	Austria	4	3	Friendly	Budapest	Hungary	FALSE
1913-10-26	Norway	Sweden	1	1	Friendly	Kristiania	Norway	FALSE
1913-10-26	Uruguay	Argentina	1	0	Copa Newton	Montevideo	Uruguay	FALSE
1913-11-02	Belgium	Switzerland	2	0	Friendly	Verviers	Belgium	FALSE
1913-11-23	Belgium	Germany	6	2	Friendly	Antwerp	Belgium	FALSE
1914-01-11	Italy	Austria	0	0	Friendly	Milan	Italy	FALSE
1914-01-19	Wales	Northern Ireland	1	2	British Championship	Wrexham	Wales	FALSE
1914-01-25	France	Belgium	4	3	Friendly	Lille	France	FALSE
1914-02-08	Luxembourg	France	5	4	Friendly	Luxembourg	Luxembourg	FALSE
1914-02-14	England	Northern Ireland	0	3	British Championship	Middlesbrough	England	FALSE
1914-02-28	Scotland	Wales	0	0	British Championship	Glasgow	Scotland	FALSE
1914-03-08	France	Switzerland	2	2	Friendly	Saint-Ouen	France	FALSE
1914-03-14	Northern Ireland	Scotland	1	1	British Championship	Belfast	Republic of Ireland	FALSE
1914-03-15	Belgium	Netherlands	2	4	Friendly	Antwerp	Belgium	FALSE
1914-03-16	Wales	England	0	2	British Championship	Cardiff	Wales	FALSE
1914-03-29	Italy	France	2	0	Friendly	Turin	Italy	FALSE
1914-04-05	Italy	Switzerland	1	1	Friendly	Genoa	Italy	FALSE
1914-04-05	Netherlands	Germany	4	4	Friendly	Amsterdam	Netherlands	FALSE
1914-04-26	Netherlands	Belgium	4	2	Friendly	Amsterdam	Netherlands	FALSE
1914-05-03	Austria	Hungary	2	0	Friendly	Vienna	Austria	FALSE
1914-05-17	Denmark	Netherlands	4	3	Friendly	Copenhagen	Denmark	FALSE
1914-05-17	Switzerland	Italy	0	1	Friendly	Berne	Switzerland	FALSE
1914-05-24	Sweden	Finland	4	3	Friendly	Solna	Sweden	FALSE
1914-05-31	Hungary	France	5	1	Friendly	Budapest	Hungary	FALSE
1914-06-21	Sweden	Hungary	1	1	Friendly	Solna	Sweden	FALSE
1914-06-28	Norway	Sweden	0	1	Friendly	Kristiania	Norway	FALSE
1914-07-05	Sweden	Russia	2	2	Friendly	Solna	Sweden	FALSE
1914-07-12	Norway	Russia	1	1	Friendly	Kristiania	Norway	FALSE
1914-08-30	Uruguay	Argentina	3	2	Copa Premio Honor Uruguayo	Montevideo	Uruguay	FALSE
1914-09-13	Argentina	Uruguay	2	1	Copa Premio Honor Argentino	Buenos Aires	Argentina	FALSE
1914-09-20	Argentina	Brazil	3	0	Friendly	Buenos Aires	Argentina	FALSE
1914-09-27	Argentina	Brazil	0	1	Copa Roca	Buenos Aires	Argentina	FALSE
1914-10-04	Hungary	Austria	2	2	Friendly	Budapest	Hungary	FALSE
1914-10-25	Sweden	Norway	7	0	Friendly	Solna	Sweden	FALSE
1914-11-08	Austria	Hungary	1	2	Friendly	Vienna	Austria	FALSE
1915-01-03	Basque Country	Catalonia	6	1	Friendly	Bilbao	Spain	FALSE
1915-01-31	Italy	Switzerland	3	1	Friendly	Turin	Italy	FALSE
1915-02-07	Catalonia	Basque Country	2	2	Friendly	Barcelona	Spain	FALSE
1915-05-02	Hungary	Austria	2	5	Friendly	Budapest	Hungary	FALSE
1915-05-13	Basque Country	Catalonia	1	0	Friendly	Madrid	Spain	FALSE
1915-05-30	Austria	Hungary	1	2	Friendly	Vienna	Austria	FALSE
1915-06-06	Denmark	Sweden	2	0	Friendly	Copenhagen	Denmark	FALSE
1915-06-27	Norway	Sweden	1	1	Friendly	Kristiania	Norway	FALSE
1915-07-18	Uruguay	Argentina	2	3	Copa Premio Honor Uruguayo	Montevideo	Uruguay	FALSE
1915-08-15	Argentina	Uruguay	2	1	Copa Lipton	Buenos Aires	Argentina	FALSE
1915-09-12	Uruguay	Argentina	2	0	Copa Newton	Montevideo	Uruguay	FALSE
1915-09-19	Denmark	Norway	8	1	Friendly	Copenhagen	Denmark	FALSE
1915-10-03	Austria	Hungary	4	2	Friendly	Vienna	Austria	FALSE
1915-10-24	Sweden	Norway	5	2	Friendly	Stockholm	Sweden	FALSE
1915-10-31	Sweden	Denmark	0	2	Friendly	Stockholm	Sweden	FALSE
1915-11-07	Hungary	Austria	6	2	Friendly	Budapest	Hungary	FALSE
1916-05-07	Austria	Hungary	3	1	Friendly	Vienna	Austria	FALSE
1916-05-21	Catalonia	Basque Country	1	3	Friendly	Barcelona	Spain	FALSE
1916-05-22	Catalonia	Basque Country	0	0	Friendly	Barcelona	Spain	FALSE
1916-06-04	Denmark	Sweden	2	0	Friendly	Copenhagen	Denmark	FALSE
1916-06-04	Hungary	Austria	2	1	Friendly	Budapest	Hungary	FALSE
1916-06-04	Basque Country	Catalonia	5	0	Friendly	Bilbao	Spain	FALSE
1916-06-25	Norway	Denmark	0	2	Friendly	Kristiania	Norway	FALSE
1916-07-02	Chile	Uruguay	0	4	Copa América	Buenos Aires	Argentina	TRUE
1916-07-02	Sweden	Norway	6	0	Friendly	Stockholm	Sweden	FALSE
1916-07-06	Argentina	Chile	6	1	Copa América	Buenos Aires	Argentina	FALSE
1916-07-08	Brazil	Chile	1	1	Copa América	Buenos Aires	Argentina	TRUE
1916-07-10	Argentina	Brazil	1	1	Copa América	Buenos Aires	Argentina	FALSE
1916-07-12	Argentina	Chile	1	0	Friendly	Buenos Aires	Argentina	FALSE
1916-07-12	Brazil	Uruguay	1	2	Copa América	Buenos Aires	Argentina	TRUE
1916-07-14	Uruguay	Chile	4	1	Friendly	Montevideo	Uruguay	FALSE
1916-07-17	Argentina	Uruguay	0	0	Copa América	Avellaneda	Argentina	FALSE
1916-07-18	Uruguay	Brazil	0	1	Friendly	Montevideo	Uruguay	FALSE
1916-08-15	Argentina	Uruguay	3	1	Copa Newton	Avellaneda	Argentina	FALSE
1916-08-15	Uruguay	Argentina	1	2	Copa Lipton	Montevideo	Uruguay	FALSE
1916-08-20	Sweden	United States	2	3	Friendly	Stockholm	Sweden	FALSE
1916-09-03	Norway	United States	1	1	Friendly	Kristiania	Norway	FALSE
1916-10-01	Argentina	Uruguay	7	2	Friendly	Avellaneda	Argentina	FALSE
1916-10-01	Hungary	Austria	2	3	Friendly	Budapest	Hungary	FALSE
1916-10-01	Norway	Sweden	0	0	Friendly	Kristiania	Norway	FALSE
1916-10-01	Uruguay	Argentina	0	1	Copa Premio Honor Uruguayo	Montevideo	Uruguay	FALSE
1916-10-08	Sweden	Denmark	4	0	Friendly	Stockholm	Sweden	FALSE
1916-10-15	Denmark	Norway	8	0	Friendly	Copenhagen	Denmark	FALSE
1916-10-29	Uruguay	Argentina	3	1	Friendly	Montevideo	Uruguay	FALSE
1916-11-05	Austria	Hungary	3	3	Friendly	Vienna	Austria	FALSE
1917-05-06	Austria	Hungary	1	1	Friendly	Vienna	Austria	FALSE
1917-05-07	Japan	Philippines	2	15	Friendly	Tokyo	Japan	FALSE
1917-06-03	Denmark	Sweden	1	1	Friendly	Copenhagen	Denmark	FALSE
1917-06-03	Hungary	Austria	6	2	Friendly	Budapest	Hungary	FALSE
1917-06-17	Norway	Denmark	1	2	Friendly	Kristiania	Norway	FALSE
1917-07-15	Austria	Hungary	1	4	Friendly	Vienna	Austria	FALSE
1917-07-18	Uruguay	Argentina	0	2	Copa Premio Honor Uruguayo	Montevideo	Uruguay	FALSE
1917-08-15	Argentina	Uruguay	1	0	Copa Lipton	Avellaneda	Argentina	FALSE
1917-08-19	Sweden	Norway	3	3	Friendly	Helsingborg	Sweden	FALSE
1917-09-02	Uruguay	Argentina	1	0	Copa Newton	Montevideo	Uruguay	FALSE
1917-09-16	Norway	Sweden	0	2	Friendly	Kristiania	Norway	FALSE
1917-09-30	Uruguay	Chile	4	0	Copa América	Montevideo	Uruguay	FALSE
1917-10-03	Argentina	Brazil	4	2	Copa América	Montevideo	Uruguay	TRUE
1917-10-06	Argentina	Chile	1	0	Copa América	Montevideo	Uruguay	TRUE
1917-10-07	Denmark	Norway	12	0	Friendly	Copenhagen	Denmark	FALSE
1917-10-07	Hungary	Austria	2	1	Friendly	Budapest	Hungary	FALSE
1917-10-07	Uruguay	Brazil	4	0	Copa América	Montevideo	Uruguay	FALSE
1917-10-12	Brazil	Chile	5	0	Copa América	Montevideo	Uruguay	TRUE
1917-10-14	Sweden	Denmark	1	2	Friendly	Stockholm	Sweden	FALSE
1917-10-14	Uruguay	Argentina	1	0	Copa América	Montevideo	Uruguay	FALSE
1917-10-16	Uruguay	Brazil	3	1	Friendly	Montevideo	Uruguay	FALSE
1917-11-04	Austria	Hungary	1	2	Friendly	Vienna	Austria	FALSE
1917-12-23	Switzerland	Austria	0	1	Friendly	Basel	Switzerland	FALSE
1917-12-26	Switzerland	Austria	3	2	Friendly	Zürich	Switzerland	FALSE
1918-04-14	Hungary	Austria	2	0	Friendly	Budapest	Hungary	FALSE
1918-05-09	Austria	Switzerland	5	1	Friendly	Vienna	Austria	FALSE
1918-05-12	Hungary	Switzerland	2	1	Friendly	Budapest	Hungary	FALSE
1918-05-26	Sweden	Norway	2	0	Friendly	Stockholm	Sweden	FALSE
1918-06-02	Austria	Hungary	0	2	Friendly	Vienna	Austria	FALSE
1918-06-02	Denmark	Sweden	3	0	Friendly	Copenhagen	Denmark	FALSE
1918-06-16	Norway	Denmark	3	1	Friendly	Kristiania	Norway	FALSE
1918-07-18	Uruguay	Argentina	1	1	Copa Premio Honor Uruguayo	Montevideo	Uruguay	FALSE
1918-07-28	Uruguay	Argentina	3	1	Copa Premio Honor Uruguayo	Montevideo	Uruguay	FALSE
1918-08-15	Argentina	Uruguay	0	0	Copa Premio Honor Argentino	Buenos Aires	Argentina	FALSE
1918-08-25	Argentina	Uruguay	2	1	Copa Premio Honor Argentino	Buenos Aires	Argentina	FALSE
1918-09-15	Norway	Sweden	2	1	Friendly	Kristiania	Norway	FALSE
1918-09-20	Uruguay	Argentina	1	1	Copa Lipton	Montevideo	Uruguay	FALSE
1918-09-29	Argentina	Uruguay	2	0	Copa Newton	Buenos Aires	Argentina	FALSE
1918-10-06	Austria	Hungary	0	3	Friendly	Vienna	Austria	FALSE
1918-10-06	Denmark	Norway	4	0	Friendly	Copenhagen	Denmark	FALSE
1918-10-20	Sweden	Denmark	1	2	Friendly	Gothenburg	Sweden	FALSE
1919-03-09	Belgium	France	2	2	Friendly	Brussels	Belgium	FALSE
1919-04-06	Hungary	Austria	2	1	Friendly	Budapest	Hungary	FALSE
1919-05-11	Brazil	Chile	6	0	Copa América	Rio de Janeiro	Brazil	FALSE
1919-05-11	Paraguay	Argentina	1	5	Friendly	Asunción	Paraguay	FALSE
1919-05-13	Argentina	Uruguay	2	3	Copa América	Rio de Janeiro	Brazil	TRUE
1919-05-15	Paraguay	Argentina	0	3	Friendly	Asunción	Paraguay	FALSE
1919-05-17	Chile	Uruguay	0	2	Copa América	Rio de Janeiro	Brazil	TRUE
1919-05-18	Brazil	Argentina	3	1	Copa América	Rio de Janeiro	Brazil	FALSE
1919-05-21	Paraguay	Argentina	1	2	Friendly	Asunción	Paraguay	FALSE
1919-05-22	Argentina	Chile	4	1	Copa América	Rio de Janeiro	Brazil	TRUE
1919-05-24	Paraguay	Argentina	1	2	Friendly	Asunción	Paraguay	FALSE
1919-05-26	Brazil	Uruguay	2	2	Copa América	Rio de Janeiro	Brazil	FALSE
1919-05-29	Brazil	Uruguay	1	0	Copa América	Rio de Janeiro	Brazil	FALSE
1919-05-29	Sweden	Finland	1	0	Friendly	Stockholm	Sweden	FALSE
1919-06-01	Brazil	Argentina	3	3	Friendly	Rio de Janeiro	Brazil	FALSE
1919-06-05	Denmark	Sweden	3	0	Friendly	Copenhagen	Denmark	FALSE
1919-06-09	Netherlands	Sweden	3	1	Friendly	Amsterdam	Netherlands	FALSE
1919-06-12	Denmark	Norway	5	1	Friendly	Copenhagen	Denmark	FALSE
1919-06-29	Norway	Sweden	4	3	Friendly	Kristiania	Norway	FALSE
1919-07-18	Uruguay	Argentina	4	1	Copa Premio Honor Uruguayo	Montevideo	Uruguay	FALSE
1919-08-24	Sweden	Netherlands	4	1	Friendly	Stockholm	Sweden	FALSE
1919-08-24	Uruguay	Argentina	2	1	Copa Newton	Montevideo	Uruguay	FALSE
1919-08-31	Norway	Netherlands	1	1	Friendly	Oslo	Norway	FALSE
1919-09-07	Argentina	Uruguay	1	2	Copa Lipton	Buenos Aires	Argentina	FALSE
1919-09-14	Sweden	Norway	1	5	Friendly	Gothenburg	Sweden	FALSE
1919-09-21	Norway	Denmark	3	2	Friendly	Kristiania	Norway	FALSE
1919-09-28	Finland	Sweden	3	3	Friendly	Helsinki	Finland	FALSE
1919-10-05	Austria	Hungary	2	0	Friendly	Vienna	Austria	FALSE
1919-10-12	Sweden	Denmark	3	0	Friendly	Stockholm	Sweden	FALSE
1919-10-19	Argentina	Uruguay	6	1	Copa Premio Honor Argentino	Buenos Aires	Argentina	FALSE
1919-10-25	Northern Ireland	England	1	1	British Championship	Belfast	Republic of Ireland	FALSE
1919-11-09	Hungary	Austria	3	2	Friendly	Budapest	Hungary	FALSE
1919-12-07	Uruguay	Argentina	4	2	Friendly	Montevideo	Uruguay	FALSE
1920-01-18	Italy	France	9	4	Friendly	Milan	Italy	FALSE
1920-02-14	Northern Ireland	Wales	2	2	British Championship	Belfast	Republic of Ireland	FALSE
1920-02-26	Wales	Scotland	1	1	British Championship	Cardiff	Wales	FALSE
1920-02-29	Switzerland	France	0	2	Friendly	Geneva	Switzerland	FALSE
1920-03-13	Scotland	Northern Ireland	3	0	British Championship	Glasgow	Scotland	FALSE
1920-03-15	England	Wales	1	2	British Championship	London	England	FALSE
1920-03-28	France	Belgium	2	1	Friendly	Paris	France	FALSE
1920-03-28	Switzerland	Italy	3	0	Friendly	Berne	Switzerland	FALSE
1920-04-05	Netherlands	Denmark	2	0	Friendly	Amsterdam	Netherlands	FALSE
1920-04-10	England	Scotland	5	4	British Championship	Sheffield	England	FALSE
1920-05-02	Austria	Hungary	2	2	Friendly	Vienna	Austria	FALSE
1920-05-13	Italy	Netherlands	1	1	Friendly	Genoa	Italy	FALSE
1920-05-16	Switzerland	Netherlands	2	1	Friendly	Basel	Switzerland	FALSE
1920-05-30	Sweden	Finland	4	0	Friendly	Stockholm	Sweden	FALSE
1920-06-06	Sweden	Switzerland	0	1	Friendly	Stockholm	Sweden	FALSE
1920-06-13	Norway	Denmark	1	1	Friendly	Kristiania	Norway	FALSE
1920-06-27	Norway	Sweden	0	3	Friendly	Kristiania	Norway	FALSE
1920-06-27	Switzerland	Germany	4	1	Friendly	Zürich	Switzerland	FALSE
1920-07-18	Uruguay	Argentina	2	0	Copa Premio Honor Uruguayo	Montevideo	Uruguay	FALSE
1920-07-25	Argentina	Uruguay	1	3	Copa Newton	Buenos Aires	Argentina	FALSE
1920-08-08	Argentina	Uruguay	1	0	Copa Premio Honor Argentino	Buenos Aires	Argentina	FALSE
1920-09-11	Chile	Brazil	0	1	Copa América	Viña del Mar	Chile	FALSE
1920-09-12	Uruguay	Argentina	1	1	Copa América	Viña del Mar	Chile	TRUE
1920-09-18	Brazil	Uruguay	0	6	Copa América	Viña del Mar	Chile	TRUE
1920-09-19	Finland	Sweden	1	0	Friendly	Helsinki	Finland	FALSE
1920-09-20	Chile	Argentina	1	1	Copa América	Viña del Mar	Chile	FALSE
1920-09-25	Argentina	Brazil	2	0	Copa América	Viña del Mar	Chile	TRUE
1920-09-26	Austria	Germany	3	2	Friendly	Vienna	Austria	FALSE
1920-09-26	Sweden	Norway	0	0	Friendly	Stockholm	Sweden	FALSE
1920-10-03	Chile	Uruguay	1	2	Copa América	Viña del Mar	Chile	FALSE
1920-10-10	Sweden	Denmark	0	2	Friendly	Stockholm	Sweden	FALSE
1920-10-17	Finland	Estonia	6	0	Friendly	Helsinki	Finland	FALSE
1920-10-23	England	Northern Ireland	2	0	British Championship	Sunderland	England	FALSE
1920-10-24	Germany	Hungary	1	0	Friendly	Berlin	Germany	FALSE
1920-11-07	Hungary	Austria	1	2	Friendly	Budapest	Hungary	FALSE
1921-02-12	Scotland	Wales	2	1	British Championship	Aberdeen	Scotland	FALSE
1921-02-20	France	Italy	1	2	Friendly	Marseille	France	FALSE
1921-02-26	Northern Ireland	Scotland	0	2	British Championship	Belfast	Republic of Ireland	FALSE
1921-03-06	Belgium	France	3	1	Friendly	Forest	Belgium	FALSE
1921-03-06	Italy	Switzerland	2	1	Friendly	Milan	Italy	FALSE
1921-03-14	Wales	England	0	0	British Championship	Cardiff	Wales	FALSE
1921-03-26	Austria	Sweden	2	2	Friendly	Vienna	Austria	FALSE
1921-04-03	Catalonia	Provence	4	0	Friendly	Barcelona	Spain	FALSE
1921-04-04	Catalonia	Provence	1	0	Friendly	Barcelona	Spain	FALSE
1921-04-07	Paraguay	Argentina	3	1	Friendly	Asunción	Paraguay	FALSE
1921-04-09	Scotland	England	3	0	British Championship	Glasgow	Scotland	FALSE
1921-04-09	Wales	Northern Ireland	2	1	British Championship	Swansea	Wales	FALSE
1921-04-14	Paraguay	Argentina	2	2	Friendly	Asunción	Paraguay	FALSE
1921-04-24	Austria	Hungary	4	1	Friendly	Vienna	Austria	FALSE
1921-05-01	Switzerland	Austria	2	2	Friendly	St. Gallen	Switzerland	FALSE
1921-05-05	Belgium	Italy	2	3	Friendly	Antwerp	Belgium	FALSE
1921-05-05	Germany	Austria	3	3	Friendly	Dresden	Germany	FALSE
1921-05-08	Netherlands	Italy	2	2	Friendly	Amsterdam	Netherlands	FALSE
1921-05-15	Belgium	Netherlands	1	1	Friendly	Antwerp	Belgium	FALSE
1921-05-21	Belgium	England	0	2	Friendly	Brussels	Belgium	FALSE
1921-05-25	Norway	Finland	3	2	Friendly	Kristiania	Norway	FALSE
1921-05-29	Sweden	Finland	0	3	Friendly	Stockholm	Sweden	FALSE
1921-05-30	Japan	Philippines	0	3	Friendly	Shanghai	China PR	TRUE
1921-06-05	Hungary	Germany	3	0	Friendly	Budapest	Hungary	FALSE
1921-06-12	Denmark	Netherlands	1	1	Friendly	Copenhagen	Denmark	FALSE
1921-06-19	Norway	Sweden	3	1	Friendly	Kristiania	Norway	FALSE
1921-07-09	Canada	Scotland	0	1	Friendly	Montréal	Canada	FALSE
1921-07-22	Estonia	Sweden	0	0	Friendly	Tallinn	Estonia	FALSE
1921-07-24	Sweden	Austria	1	3	Friendly	Stockholm	Sweden	FALSE
1921-07-31	Finland	Austria	2	3	Friendly	Helsinki	Finland	FALSE
1921-08-28	Estonia	Finland	0	3	Friendly	Tallinn	Estonia	FALSE
1921-09-14	Costa Rica	El Salvador	7	0	Friendly	Guatemala	Guatemala	TRUE
1921-09-18	Finland	Germany	3	3	Friendly	Helsinki	Finland	FALSE
1921-09-18	Guatemala	Costa Rica	0	6	Friendly	Guatemala	Guatemala	FALSE
1921-09-18	Sweden	Norway	0	3	Friendly	Stockholm	Sweden	FALSE
1921-09-25	Chile	Argentina	1	4	Friendly	Viña del Mar	Chile	FALSE
1921-10-02	Argentina	Brazil	1	0	Copa América	Buenos Aires	Argentina	FALSE
1921-10-02	Chile	Argentina	1	1	Friendly	Santiago	Chile	FALSE
1921-10-02	Denmark	Norway	3	1	Friendly	Copenhagen	Denmark	FALSE
1921-10-09	Paraguay	Uruguay	2	1	Copa América	Buenos Aires	Argentina	TRUE
1921-10-09	Sweden	Denmark	0	0	Friendly	Stockholm	Sweden	FALSE
1921-10-12	Brazil	Paraguay	3	0	Copa América	Buenos Aires	Argentina	TRUE
1921-10-16	Argentina	Paraguay	3	0	Copa América	Buenos Aires	Argentina	FALSE
1921-10-22	Northern Ireland	England	1	1	British Championship	Belfast	Republic of Ireland	FALSE
1921-10-23	Brazil	Uruguay	1	2	Copa América	Buenos Aires	Argentina	TRUE
1921-10-28	Czechoslovakia	Yugoslavia	6	1	Friendly	Prague	Czechoslovakia	FALSE
1921-10-30	Argentina	Uruguay	1	0	Copa América	Buenos Aires	Argentina	FALSE
1921-11-02	Uruguay	Paraguay	4	2	Friendly	Montevideo	Uruguay	FALSE
1921-11-06	Hungary	Sweden	4	2	Friendly	Budapest	Hungary	FALSE
1921-11-06	Switzerland	Italy	1	1	Friendly	Geneva	Switzerland	FALSE
1921-11-13	Czechoslovakia	Sweden	2	2	Friendly	Prague	Czechoslovakia	FALSE
1921-11-13	France	Netherlands	0	5	Friendly	Vincennes	France	FALSE
1921-12-18	Hungary	Poland	1	0	Friendly	Budapest	Hungary	FALSE
1921-12-18	Spain	Portugal	3	1	Friendly	Madrid	Spain	FALSE
1922-01-15	France	Belgium	2	1	Friendly	Colombes	France	FALSE
1922-01-15	Italy	Austria	3	3	Friendly	Milan	Italy	FALSE
1922-02-04	Wales	Scotland	2	1	British Championship	Wrexham	Wales	FALSE
1922-02-26	Italy	Czechoslovakia	1	1	Friendly	Turin	Italy	FALSE
1922-03-04	Scotland	Northern Ireland	2	1	British Championship	Glasgow	Scotland	FALSE
1922-03-12	Brittany	Luxembourg	1	0	Friendly	Rennes	France	FALSE
1922-03-13	England	Wales	1	0	British Championship	Liverpool	England	FALSE
1922-03-26	Belgium	Netherlands	4	0	Friendly	Antwerp	Belgium	FALSE
1922-03-26	Germany	Switzerland	2	2	Friendly	Frankfurt am Main	Germany	FALSE
1922-04-08	England	Scotland	0	1	British Championship	Birmingham	England	FALSE
1922-04-15	Belgium	Denmark	0	0	Friendly	Liège	Belgium	FALSE
1922-04-17	Netherlands	Denmark	2	0	Friendly	Amsterdam	Netherlands	FALSE
1922-04-23	Austria	Germany	0	2	Friendly	Vienna	Austria	FALSE
1922-04-30	France	Spain	0	4	Friendly	Le Bouscat	France	FALSE
1922-04-30	Hungary	Austria	1	1	Friendly	Budapest	Hungary	FALSE
1922-05-07	Netherlands	Belgium	1	2	Friendly	Amsterdam	Netherlands	FALSE
1922-05-14	Poland	Hungary	0	3	Friendly	Cracow	Poland	FALSE
1922-05-21	Italy	Belgium	4	2	Friendly	Milan	Italy	FALSE
1922-05-25	Norway	Northern Ireland	2	1	Friendly	Bergen	Norway	FALSE
1922-05-28	Sweden	Poland	1	2	Friendly	Stockholm	Sweden	FALSE
1922-06-05	Finland	Sweden	1	4	Friendly	Helsinki	Finland	FALSE
1922-06-08	Yugoslavia	Romania	1	2	Friendly	Belgrade	Yugoslavia	FALSE
1922-06-11	Austria	Switzerland	7	1	Friendly	Vienna	Austria	FALSE
1922-06-11	Denmark	Czechoslovakia	0	3	Friendly	Copenhagen	Denmark	FALSE
1922-06-11	Norway	France	7	0	Friendly	Kristiania	Norway	FALSE
1922-06-15	Hungary	Switzerland	1	1	Friendly	Budapest	Hungary	FALSE
1922-06-17	New Zealand	Australia	3	1	Friendly	Dunedin	New Zealand	FALSE
1922-06-24	New Zealand	Australia	1	1	Friendly	Wellington	New Zealand	FALSE
1922-06-28	Yugoslavia	Czechoslovakia	4	3	Friendly	Zagreb	Yugoslavia	FALSE
1922-07-02	Germany	Hungary	0	0	Friendly	Bochum	Germany	FALSE
1922-07-08	New Zealand	Australia	3	1	Friendly	Auckland	New Zealand	FALSE
1922-07-09	Sweden	Hungary	1	1	Friendly	Stockholm	Sweden	FALSE
1922-07-13	Finland	Hungary	1	5	Friendly	Helsinki	Finland	FALSE
1922-08-11	Finland	Estonia	10	2	Friendly	Helsinki	Finland	FALSE
1922-08-13	Sweden	Czechoslovakia	0	2	Friendly	Stockholm	Sweden	FALSE
1922-08-23	Sweden	Norway	0	0	Friendly	Stockholm	Sweden	FALSE
1922-08-26	Finland	Norway	1	3	Friendly	Helsinki	Finland	FALSE
1922-09-03	Romania	Poland	1	1	Friendly	Cernăuţi	Romania	FALSE
1922-09-10	Norway	Denmark	3	3	Friendly	Fredrikstad	Norway	FALSE
1922-09-17	Brazil	Chile	1	1	Copa América	Rio de Janeiro	Brazil	FALSE
1922-09-23	Chile	Uruguay	0	2	Copa América	Rio de Janeiro	Brazil	TRUE
1922-09-24	Austria	Hungary	2	2	Friendly	Vienna	Austria	FALSE
1922-09-24	Brazil	Paraguay	1	1	Copa América	Rio de Janeiro	Brazil	FALSE
1922-09-24	Latvia	Estonia	1	1	Friendly	Riga	Latvia	FALSE
1922-09-24	Norway	Sweden	0	5	Friendly	Kristiania	Norway	FALSE
1922-09-28	Argentina	Chile	4	0	Copa América	Rio de Janeiro	Brazil	TRUE
1922-10-01	Brazil	Uruguay	0	0	Copa América	Rio de Janeiro	Brazil	FALSE
1922-10-01	Denmark	Sweden	1	2	Friendly	Copenhagen	Denmark	FALSE
1922-10-01	Yugoslavia	Poland	1	3	Friendly	Zagreb	Yugoslavia	FALSE
1922-10-05	Chile	Paraguay	0	3	Copa América	Rio de Janeiro	Brazil	TRUE
1922-10-08	Argentina	Uruguay	0	1	Copa América	Rio de Janeiro	Brazil	TRUE
1922-10-12	Paraguay	Uruguay	1	0	Copa América	Rio de Janeiro	Brazil	TRUE
1922-10-15	Brazil	Argentina	2	0	Copa América	Rio de Janeiro	Brazil	FALSE
1922-10-18	Argentina	Paraguay	2	0	Copa América	Rio de Janeiro	Brazil	TRUE
1922-10-21	England	Northern Ireland	2	0	British Championship	West Bromwich	England	FALSE
1922-10-22	Argentina	Chile	1	0	Friendly	Buenos Aires	Argentina	FALSE
1922-10-22	Brazil	Paraguay	3	0	Copa América	Rio de Janeiro	Brazil	FALSE
1922-10-22	Brazil	Argentina	2	1	Copa Roca	São Paulo	Brazil	FALSE
1922-10-29	Brazil	Paraguay	3	1	Friendly	São Paulo	Brazil	FALSE
1922-11-12	Uruguay	Argentina	1	0	Copa Lipton	Montevideo	Uruguay	FALSE
1922-11-19	Switzerland	Netherlands	5	0	Friendly	Berne	Switzerland	FALSE
1922-11-19	Galicia	Central Spain	4	1	Friendly	Vigo	Spain	FALSE
1922-11-26	Hungary	Austria	1	2	Friendly	Budapest	Hungary	FALSE
1922-12-03	Italy	Switzerland	2	2	Friendly	Bologna	Italy	FALSE
1922-12-10	Uruguay	Argentina	1	0	Copa Premio Honor Uruguayo	Montevideo	Uruguay	FALSE
1922-12-17	Argentina	Uruguay	2	2	Copa Newton	Buenos Aires	Argentina	FALSE
1922-12-17	Portugal	Spain	1	2	Friendly	Lisbon	Portugal	FALSE
1923-01-01	Guatemala	Mexico	2	3	Friendly	Guatemala	Guatemala	FALSE
1923-01-01	Italy	Germany	3	1	Friendly	Milan	Italy	FALSE
1923-01-04	Guatemala	Mexico	3	1	Friendly	Guatemala	Guatemala	FALSE
1923-01-07	Guatemala	Mexico	1	4	Friendly	Guatemala	Guatemala	FALSE
1923-01-14	Andalusia	Galicia	1	4	Friendly	Seville	Spain	FALSE
1923-01-21	Switzerland	Austria	2	0	Friendly	Geneva	Switzerland	FALSE
1923-01-28	Spain	France	3	0	Friendly	San Sebastián	Spain	FALSE
1923-02-04	Belgium	Spain	1	0	Friendly	Antwerp	Belgium	FALSE
1923-02-11	Luxembourg	Brittany	1	4	Friendly	Esch-sur-Alzette	Luxembourg	FALSE
1923-02-25	Belgium	France	4	1	Friendly	Forest	Belgium	FALSE
1923-02-25	Galicia	Asturias	1	3	Friendly	Vigo	Spain	FALSE
1923-03-03	Northern Ireland	Scotland	0	1	British Championship	Belfast	Northern Ireland	FALSE
1923-03-04	Italy	Hungary	0	0	Friendly	Genoa	Italy	FALSE
